{"LOGREG": {"PR AUC": 0.860124229437715, "Average Precision": 0.8604109928125347}}