{"LOGREG": {"PR AUC": 0.8627508998066739, "Average Precision": 0.8630210452415733}}