{"LSTM": {"PR AUC": 0.9728433250050011, "Average Precision": 0.9728642012684691}}