{"LSTM": {"PR AUC": 0.9683389859734515, "Average Precision": 0.9683626114746944}, "LOGREG": {"PR AUC": 0.8627443383328386, "Average Precision": 0.8630252129378678}}