{"BERT": {"PR AUC": 0.9786577307352562, "Average Precision": 0.9786727685367265},
 "LSTM": {"PR AUC": 0.8022940923832258, "Average Precision": 0.8030216799946805},
 "LOGREG": {"PR AUC": 0.8600754046970687, "Average Precision": 0.8603606802453139}
}
