{"LSTM": {"PR AUC": 0.9701194054010429, "Average Precision": 0.970140213325987}, "LOGREG": {"PR AUC": 0.8591784708289878, "Average Precision": 0.8595104897068859}}