{"BERT": {"PR AUC": 0.9869342521024607, "Average Precision": 0.9869425235197311}, "LSTM": {"PR AUC": 0.9501410222528646, "Average Precision": 0.9501812850296188}, "LOGREG": {"PR AUC": 0.862126674769384, "Average Precision": 0.86240477142699}}