{"LSTM": {"PR AUC": 0.8107095141939553, "Average Precision": 0.8110625630946693}}