{"LSTM": {"PR AUC": 0.9728433250050011, "Average Precision": 0.9728642012684691}}
{"LOGREG": {"PR AUC": 0.8627508998066739, "Average Precision": 0.8630210452415733}}
