{"LSTM": {"PR AUC": 0.9661065958808177, "Average Precision": 0.966133106741089}}