{"BERT": {"PR AUC": 0.9733459233956031, "Average Precision": 0.9733750722194818}}