{"BERT": {"PR AUC": 0.9650676330441036, "Average Precision": 0.9651006951280032}}